name;surname;job_position;email;phone;ggNumer
name1;surname1;Type of role1;email1@email.com;111111000;123456000
name2;surname2;Type of role2;email2@email.com;111111001;123456001
name3;surname3;Type of role3;email3@email.com;111111002;123456002
name4;surname4;Type of role4;email4@email.com;111111003;123456003
name5;surname5;Type of role5;emai5@email.com;1111111004;23456004
name6;surname6;Type of role6;email6@email.com;111111005;123456005
name7;surname7;Type of role7;email7@email.com;111111006;123456006
name8;surname8;Type of role8;email8@email.com;111111007;123456007
name9;surname9;Type of role9;email9@email.com;111111008;123456008
name10;surname10;Type of role10;email10@email.com;111111009;123456009
name11;surname11;Type of role11;email11@email.com;111111010;123456010
name12;surname12;Type of role12;email12@email.com;111111011;123456011
name13;surname13;Type of role13;email13@email.com;111111012;123456012
name14;surname14;Type of role14;email14@email.com;111111013;123456013
name15;surname15;Type of role15;email15@email.com;111111014;123456014
name16;surname16;Type of role16;email16@email.com;111111015;123456015
